2026-01-09T10:52:07.077465,Antigone,135,239
2026-01-09T10:52:07.077465,Comedie,291,664
2026-01-09T10:52:07.077465,Corum,192,480
2026-01-09T10:52:07.077465,Europa,261,591
2026-01-09T10:52:07.077465,Foch,601,620
2026-01-09T10:52:07.077465,Gambetta,128,452
2026-01-09T10:52:07.077465,Gare,303,656
2026-01-09T10:52:07.077465,Triangle,274,434
2026-01-09T10:52:07.077465,Pitot,403,590
2026-01-09T10:52:07.077465,Circe,802,1200
2026-01-09T10:52:07.077465,Garcia Lorca,301,400
2026-01-09T10:52:07.077465,Mosson,97,328
2026-01-09T10:52:07.077465,Sabines,59,285
2026-01-09T10:52:07.077465,Sablassou,185,379
2026-01-09T10:52:07.077465,Saint Jean Le Sec,193,285
2026-01-09T10:52:07.077465,Euromedecine,36,239
2026-01-09T10:52:07.077465,Occitanie,223,615
2026-01-09T10:52:07.077465,Vicarello,15,64
2026-01-09T10:52:07.077465,Gaumont EST,74,109
2026-01-09T10:52:07.077465,Gaumont OUEST,5,250

2026-01-09 12:28:36,Antigone,136,239
2026-01-09 12:28:36,Comedie,265,664
2026-01-09 12:28:36,Corum,166,480
2026-01-09 12:28:36,Europa,272,591
2026-01-09 12:28:36,Foch,601,620
2026-01-09 12:28:36,Gambetta,128,452
2026-01-09 12:28:36,Gare,315,656
2026-01-09 12:28:36,Triangle,274,434
2026-01-09 12:28:36,Pitot,403,590
2026-01-09 12:28:36,Circe,796,1200
2026-01-09 12:28:36,Garcia Lorca,306,400
2026-01-09 12:28:36,Mosson,94,328
2026-01-09 12:28:36,Sabines,66,285
2026-01-09 12:28:36,Sablassou,182,379
2026-01-09 12:28:36,Saint Jean Le Sec,195,285
2026-01-09 12:28:36,Euromedecine,43,239
2026-01-09 12:28:36,Occitanie,225,615
2026-01-09 12:28:36,Vicarello,14,64
2026-01-09 12:28:36,Gaumont EST,74,109
2026-01-09 12:28:36,Gaumont OUEST,5,250
2026-01-09 12:45:44,Antigone,132,239
2026-01-09 12:45:44,Comedie,243,664
2026-01-09 12:45:44,Corum,160,480
2026-01-09 12:45:44,Europa,280,591
2026-01-09 12:45:44,Foch,601,620
2026-01-09 12:45:44,Gambetta,127,452
2026-01-09 12:45:44,Gare,309,656
2026-01-09 12:45:44,Triangle,274,434
2026-01-09 12:45:44,Pitot,403,590
2026-01-09 12:45:44,Circe,791,1200
2026-01-09 12:45:44,Garcia Lorca,306,400
2026-01-09 12:45:44,Mosson,89,328
2026-01-09 12:45:44,Sabines,51,285
2026-01-09 12:45:44,Sablassou,188,379
2026-01-09 12:45:44,Saint Jean Le Sec,190,285
2026-01-09 12:45:44,Euromedecine,39,239
2026-01-09 12:45:44,Occitanie,226,615
2026-01-09 12:45:44,Vicarello,9,64
2026-01-09 12:45:44,Gaumont EST,74,109
2026-01-09 12:45:44,Gaumont OUEST,5,250
2026-01-09 13:52:59,Antigone,128,239
2026-01-09 13:52:59,Comedie,233,664
2026-01-09 13:52:59,Corum,155,480
2026-01-09 13:52:59,Europa,279,591
2026-01-09 13:52:59,Foch,603,620
2026-01-09 13:52:59,Gambetta,122,452
2026-01-09 13:52:59,Gare,287,656
2026-01-09 13:52:59,Triangle,274,434
2026-01-09 13:52:59,Pitot,403,590
2026-01-09 13:52:59,Circe,773,1200
2026-01-09 13:52:59,Garcia Lorca,307,400
2026-01-09 13:52:59,Mosson,87,328
2026-01-09 13:52:59,Sabines,58,285
2026-01-09 13:52:59,Sablassou,184,379
2026-01-09 13:52:59,Saint Jean Le Sec,187,285
2026-01-09 13:52:59,Euromedecine,30,239
2026-01-09 13:52:59,Occitanie,222,615
2026-01-09 13:52:59,Vicarello,21,64
2026-01-09 13:52:59,Gaumont EST,74,109
2026-01-09 13:52:59,Gaumont OUEST,5,250
2026-01-09 14:40:26,Antigone,128,239
2026-01-09 14:40:26,Comedie,242,664
2026-01-09 14:40:26,Corum,144,480
2026-01-09 14:40:26,Europa,270,591
2026-01-09 14:40:26,Foch,604,620
2026-01-09 14:40:26,Gambetta,117,452
2026-01-09 14:40:26,Gare,291,656
2026-01-09 14:40:26,Triangle,274,434
2026-01-09 14:40:26,Pitot,403,590
2026-01-09 14:40:26,Circe,786,1200
2026-01-09 14:40:26,Garcia Lorca,308,400
2026-01-09 14:40:26,Mosson,81,328
2026-01-09 14:40:26,Sabines,66,285
2026-01-09 14:40:26,Sablassou,178,379
2026-01-09 14:40:26,Saint Jean Le Sec,188,285
2026-01-09 14:40:26,Euromedecine,19,239
2026-01-09 14:40:26,Occitanie,227,615
2026-01-09 14:40:26,Vicarello,21,64
2026-01-09 14:40:26,Gaumont EST,74,109
2026-01-09 14:40:26,Gaumont OUEST,5,250
2026-01-09 14:59:31,Antigone,129,239
2026-01-09 14:59:31,Comedie,242,664
2026-01-09 14:59:31,Corum,134,480
2026-01-09 14:59:31,Europa,272,591
2026-01-09 14:59:31,Foch,604,620
2026-01-09 14:59:31,Gambetta,124,452
2026-01-09 14:59:31,Gare,300,656
2026-01-09 14:59:31,Triangle,274,434
2026-01-09 14:59:31,Pitot,403,590
2026-01-09 14:59:31,Circe,796,1200
2026-01-09 14:59:31,Garcia Lorca,309,400
2026-01-09 14:59:31,Mosson,75,328
2026-01-09 14:59:31,Sabines,69,285
2026-01-09 14:59:31,Sablassou,178,379
2026-01-09 14:59:31,Saint Jean Le Sec,188,285
2026-01-09 14:59:31,Euromedecine,16,239
2026-01-09 14:59:31,Occitanie,228,615
2026-01-09 14:59:31,Vicarello,19,64
2026-01-09 14:59:31,Gaumont EST,74,109
2026-01-09 14:59:31,Gaumont OUEST,5,250
2026-01-09 15:35:27,Antigone,128,239
2026-01-09 15:35:27,Comedie,261,664
2026-01-09 15:35:27,Corum,157,480
2026-01-09 15:35:27,Europa,276,591
2026-01-09 15:35:27,Foch,604,620
2026-01-09 15:35:27,Gambetta,129,452
2026-01-09 15:35:27,Gare,357,656
2026-01-09 15:35:27,Triangle,274,434
2026-01-09 15:35:27,Pitot,403,590
2026-01-09 15:35:27,Circe,794,1200
2026-01-09 15:35:27,Garcia Lorca,313,400
2026-01-09 15:35:27,Mosson,84,328
2026-01-09 15:35:27,Sabines,62,285
2026-01-09 15:35:27,Sablassou,182,379
2026-01-09 15:35:27,Saint Jean Le Sec,189,285
2026-01-09 15:35:27,Euromedecine,16,239
2026-01-09 15:35:27,Occitanie,238,615
2026-01-09 15:35:27,Vicarello,15,64
2026-01-09 15:35:27,Gaumont EST,74,109
2026-01-09 15:35:27,Gaumont OUEST,5,250
2026-01-09 15:57:47,Antigone,129,239
2026-01-09 15:57:47,Comedie,280,664
2026-01-09 15:57:47,Corum,156,480
2026-01-09 15:57:47,Europa,280,591
2026-01-09 15:57:47,Foch,604,620
2026-01-09 15:57:47,Gambetta,135,452
2026-01-09 15:57:47,Gare,369,656
2026-01-09 15:57:47,Triangle,274,434
2026-01-09 15:57:47,Pitot,403,590
2026-01-09 15:57:47,Circe,814,1200
2026-01-09 15:57:47,Garcia Lorca,314,400
2026-01-09 15:57:47,Mosson,90,328
2026-01-09 15:57:47,Sabines,66,285
2026-01-09 15:57:47,Sablassou,192,379
2026-01-09 15:57:47,Saint Jean Le Sec,189,285
2026-01-09 15:57:47,Euromedecine,16,239
2026-01-09 15:57:47,Occitanie,243,615
2026-01-09 15:57:47,Vicarello,17,64
2026-01-09 15:57:47,Gaumont EST,74,109
2026-01-09 15:57:47,Gaumont OUEST,5,250
2026-01-09 16:33:53,Antigone,130,239
2026-01-09 16:33:53,Comedie,318,664
2026-01-09 16:33:53,Corum,167,480
2026-01-09 16:33:53,Europa,309,591
2026-01-09 16:33:53,Foch,604,620
2026-01-09 16:33:53,Gambetta,151,452
2026-01-09 16:33:53,Gare,362,656
2026-01-09 16:33:53,Triangle,274,434
2026-01-09 16:33:53,Pitot,403,590
2026-01-09 16:33:53,Circe,845,1200
2026-01-09 16:33:53,Garcia Lorca,319,400
2026-01-09 16:33:53,Mosson,110,328
2026-01-09 16:33:53,Sabines,69,285
2026-01-09 16:33:53,Sablassou,199,379
2026-01-09 16:33:53,Saint Jean Le Sec,193,285
2026-01-09 16:33:53,Euromedecine,31,239
2026-01-09 16:33:53,Occitanie,275,615
2026-01-09 16:33:53,Vicarello,16,64
2026-01-09 16:33:53,Gaumont EST,74,109
2026-01-09 16:33:53,Gaumont OUEST,5,250
2026-01-09 16:56:50,Antigone,131,239
2026-01-09 16:56:50,Comedie,317,664
2026-01-09 16:56:50,Corum,176,480
2026-01-09 16:56:50,Europa,355,591
2026-01-09 16:56:50,Foch,605,620
2026-01-09 16:56:50,Gambetta,162,452
2026-01-09 16:56:50,Gare,360,656
2026-01-09 16:56:50,Triangle,274,434
2026-01-09 16:56:50,Pitot,403,590
2026-01-09 16:56:50,Circe,860,1200
2026-01-09 16:56:50,Garcia Lorca,324,400
2026-01-09 16:56:50,Mosson,125,328
2026-01-09 16:56:50,Sabines,77,285
2026-01-09 16:56:50,Sablassou,206,379
2026-01-09 16:56:50,Saint Jean Le Sec,196,285
2026-01-09 16:56:50,Euromedecine,35,239
2026-01-09 16:56:50,Occitanie,298,615
2026-01-09 16:56:50,Vicarello,16,64
2026-01-09 16:56:50,Gaumont EST,74,109
2026-01-09 16:56:50,Gaumont OUEST,5,250
2026-01-09 17:38:31,Antigone,133,239
2026-01-09 17:38:31,Comedie,325,664
2026-01-09 17:38:31,Corum,194,480
2026-01-09 17:38:31,Europa,384,591
2026-01-09 17:38:31,Foch,605,620
2026-01-09 17:38:31,Gambetta,178,452
2026-01-09 17:38:31,Gare,379,656
2026-01-09 17:38:31,Triangle,274,434
2026-01-09 17:38:31,Pitot,403,590
2026-01-09 17:38:31,Circe,935,1200
2026-01-09 17:38:31,Garcia Lorca,340,400
2026-01-09 17:38:31,Mosson,166,328
2026-01-09 17:38:31,Sabines,108,285
2026-01-09 17:38:31,Sablassou,250,379
2026-01-09 17:38:31,Saint Jean Le Sec,209,285
2026-01-09 17:38:31,Euromedecine,45,239
2026-01-09 17:38:31,Occitanie,328,615
2026-01-09 17:38:31,Vicarello,19,64
2026-01-09 17:38:31,Gaumont EST,74,109
2026-01-09 17:38:31,Gaumont OUEST,5,250
2026-01-09 18:01:39,Antigone,136,239
2026-01-09 18:01:39,Comedie,341,664
2026-01-09 18:01:39,Corum,200,480
2026-01-09 18:01:39,Europa,396,591
2026-01-09 18:01:39,Foch,605,620
2026-01-09 18:01:39,Gambetta,171,452
2026-01-09 18:01:39,Gare,388,656
2026-01-09 18:01:39,Triangle,274,434
2026-01-09 18:01:39,Pitot,403,590
2026-01-09 18:01:39,Circe,991,1200
2026-01-09 18:01:39,Garcia Lorca,356,400
2026-01-09 18:01:39,Mosson,181,328
2026-01-09 18:01:39,Sabines,121,285
2026-01-09 18:01:39,Sablassou,275,379
2026-01-09 18:01:39,Saint Jean Le Sec,218,285
2026-01-09 18:01:39,Euromedecine,59,239
2026-01-09 18:01:39,Occitanie,359,615
2026-01-09 18:01:39,Vicarello,24,64
2026-01-09 18:01:39,Gaumont EST,74,109
2026-01-09 18:01:39,Gaumont OUEST,5,250
2026-01-09 18:39:35,Antigone,139,239
2026-01-09 18:39:35,Comedie,350,664
2026-01-09 18:39:35,Corum,215,480
2026-01-09 18:39:35,Europa,429,591
2026-01-09 18:39:35,Foch,605,620
2026-01-09 18:39:35,Gambetta,176,452
2026-01-09 18:39:35,Gare,396,656
2026-01-09 18:39:35,Triangle,274,434
2026-01-09 18:39:35,Pitot,403,590
2026-01-09 18:39:35,Circe,1047,1200
2026-01-09 18:39:35,Garcia Lorca,365,400
2026-01-09 18:39:35,Mosson,210,328
2026-01-09 18:39:35,Sabines,151,285
2026-01-09 18:39:35,Sablassou,309,379
2026-01-09 18:39:35,Saint Jean Le Sec,223,285
2026-01-09 18:39:35,Euromedecine,77,239
2026-01-09 18:39:35,Occitanie,385,615
2026-01-09 18:39:35,Vicarello,33,64
2026-01-09 18:39:35,Gaumont EST,74,109
2026-01-09 18:39:35,Gaumont OUEST,5,250
2026-01-09 18:55:22,Antigone,137,239
2026-01-09 18:55:22,Comedie,333,664
2026-01-09 18:55:22,Corum,221,480
2026-01-09 18:55:22,Europa,450,591
2026-01-09 18:55:22,Foch,604,620
2026-01-09 18:55:22,Gambetta,177,452
2026-01-09 18:55:22,Gare,393,656
2026-01-09 18:55:22,Triangle,274,434
2026-01-09 18:55:22,Pitot,403,590
2026-01-09 18:55:22,Circe,1055,1200
2026-01-09 18:55:22,Garcia Lorca,372,400
2026-01-09 18:55:22,Mosson,220,328
2026-01-09 18:55:22,Sabines,160,285
2026-01-09 18:55:22,Sablassou,317,379
2026-01-09 18:55:22,Saint Jean Le Sec,229,285
2026-01-09 18:55:22,Euromedecine,83,239
2026-01-09 18:55:22,Occitanie,416,615
2026-01-09 18:55:22,Vicarello,34,64
2026-01-09 18:55:22,Gaumont EST,74,109
2026-01-09 18:55:22,Gaumont OUEST,5,250
2026-01-09 19:37:53,Antigone,138,239
2026-01-09 19:37:53,Comedie,260,664
2026-01-09 19:37:53,Corum,174,480
2026-01-09 19:37:53,Europa,467,591
2026-01-09 19:37:53,Foch,605,620
2026-01-09 19:37:53,Gambetta,171,452
2026-01-09 19:37:53,Gare,367,656
2026-01-09 19:37:53,Triangle,274,434
2026-01-09 19:37:53,Pitot,403,590
2026-01-09 19:37:53,Circe,1081,1200
2026-01-09 19:37:53,Garcia Lorca,372,400
2026-01-09 19:37:53,Mosson,229,328
2026-01-09 19:37:53,Sabines,163,285
2026-01-09 19:37:53,Sablassou,335,379
2026-01-09 19:37:53,Saint Jean Le Sec,233,285
2026-01-09 19:37:53,Euromedecine,84,239
2026-01-09 19:37:53,Occitanie,444,615
2026-01-09 19:37:53,Vicarello,40,64
2026-01-09 19:37:53,Gaumont EST,74,109
2026-01-09 19:37:53,Gaumont OUEST,5,250
2026-01-09 20:00:59,Antigone,139,239
2026-01-09 20:00:59,Comedie,201,664
2026-01-09 20:00:59,Corum,157,480
2026-01-09 20:00:59,Europa,471,591
2026-01-09 20:00:59,Foch,605,620
2026-01-09 20:00:59,Gambetta,156,452
2026-01-09 20:00:59,Gare,346,656
2026-01-09 20:00:59,Triangle,274,434
2026-01-09 20:00:59,Pitot,403,590
2026-01-09 20:00:59,Circe,1085,1200
2026-01-09 20:00:59,Garcia Lorca,372,400
2026-01-09 20:00:59,Mosson,240,328
2026-01-09 20:00:59,Sabines,164,285
2026-01-09 20:00:59,Sablassou,345,379
2026-01-09 20:00:59,Saint Jean Le Sec,234,285
2026-01-09 20:00:59,Euromedecine,84,239
2026-01-09 20:00:59,Occitanie,455,615
2026-01-09 20:00:59,Vicarello,41,64
2026-01-09 20:00:59,Gaumont EST,74,109
2026-01-09 20:00:59,Gaumont OUEST,5,250
2026-01-09 20:31:26,Antigone,142,239
2026-01-09 20:31:26,Comedie,150,664
2026-01-09 20:31:26,Corum,144,480
2026-01-09 20:31:26,Europa,470,591
2026-01-09 20:31:26,Foch,605,620
2026-01-09 20:31:26,Gambetta,141,452
2026-01-09 20:31:26,Gare,330,656
2026-01-09 20:31:26,Triangle,274,434
2026-01-09 20:31:26,Pitot,403,590
2026-01-09 20:31:26,Circe,1087,1200
2026-01-09 20:31:26,Garcia Lorca,375,400
2026-01-09 20:31:26,Mosson,243,328
2026-01-09 20:31:26,Sabines,169,285
2026-01-09 20:31:26,Sablassou,351,379
2026-01-09 20:31:26,Saint Jean Le Sec,235,285
2026-01-09 20:31:26,Euromedecine,86,239
2026-01-09 20:31:26,Occitanie,464,615
2026-01-09 20:31:26,Vicarello,41,64
2026-01-09 20:31:26,Gaumont EST,74,109
2026-01-09 20:31:26,Gaumont OUEST,5,250
2026-01-09 20:52:11,Antigone,142,239
2026-01-09 20:52:11,Comedie,95,664
2026-01-09 20:52:11,Corum,131,480
2026-01-09 20:52:11,Europa,468,591
2026-01-09 20:52:11,Foch,605,620
2026-01-09 20:52:11,Gambetta,134,452
2026-01-09 20:52:11,Gare,312,656
2026-01-09 20:52:11,Triangle,274,434
2026-01-09 20:52:11,Pitot,403,590
2026-01-09 20:52:11,Circe,1081,1200
2026-01-09 20:52:11,Garcia Lorca,377,400
2026-01-09 20:52:11,Mosson,246,328
2026-01-09 20:52:11,Sabines,172,285
2026-01-09 20:52:11,Sablassou,354,379
2026-01-09 20:52:11,Saint Jean Le Sec,236,285
2026-01-09 20:52:11,Euromedecine,87,239
2026-01-09 20:52:11,Occitanie,467,615
2026-01-09 20:52:11,Vicarello,41,64
2026-01-09 20:52:11,Gaumont EST,74,109
2026-01-09 20:52:11,Gaumont OUEST,5,250
2026-01-09 21:29:03,Antigone,142,239
2026-01-09 21:29:03,Comedie,72,664
2026-01-09 21:29:03,Corum,128,480
2026-01-09 21:29:03,Europa,471,591
2026-01-09 21:29:03,Foch,605,620
2026-01-09 21:29:03,Gambetta,129,452
2026-01-09 21:29:03,Gare,335,656
2026-01-09 21:29:03,Triangle,274,434
2026-01-09 21:29:03,Pitot,403,590
2026-01-09 21:29:03,Circe,1087,1200
2026-01-09 21:29:03,Garcia Lorca,380,400
2026-01-09 21:29:03,Mosson,249,328
2026-01-09 21:29:03,Sabines,174,285
2026-01-09 21:29:03,Sablassou,353,379
2026-01-09 21:29:03,Saint Jean Le Sec,237,285
2026-01-09 21:29:03,Euromedecine,89,239
2026-01-09 21:29:03,Occitanie,469,615
2026-01-09 21:29:03,Vicarello,41,64
2026-01-09 21:29:03,Gaumont EST,74,109
2026-01-09 21:29:03,Gaumont OUEST,5,250
2026-01-09 21:49:22,Antigone,141,239
2026-01-09 21:49:22,Comedie,75,664
2026-01-09 21:49:22,Corum,125,480
2026-01-09 21:49:22,Europa,476,591
2026-01-09 21:49:22,Foch,605,620
2026-01-09 21:49:22,Gambetta,129,452
2026-01-09 21:49:22,Gare,357,656
2026-01-09 21:49:22,Triangle,274,434
2026-01-09 21:49:22,Pitot,403,590
2026-01-09 21:49:22,Circe,1086,1200
2026-01-09 21:49:22,Garcia Lorca,381,400
2026-01-09 21:49:22,Mosson,252,328
2026-01-09 21:49:22,Sabines,177,285
2026-01-09 21:49:22,Sablassou,354,379
2026-01-09 21:49:22,Saint Jean Le Sec,238,285
2026-01-09 21:49:22,Euromedecine,89,239
2026-01-09 21:49:22,Occitanie,471,615
2026-01-09 21:49:22,Vicarello,42,64
2026-01-09 21:49:22,Gaumont EST,74,109
2026-01-09 21:49:22,Gaumont OUEST,5,250
2026-01-09 22:25:04,Antigone,141,239
2026-01-09 22:25:04,Comedie,101,664
2026-01-09 22:25:04,Corum,139,480
2026-01-09 22:25:04,Europa,480,591
2026-01-09 22:25:04,Foch,605,620
2026-01-09 22:25:04,Gambetta,132,452
2026-01-09 22:25:04,Gare,356,656
2026-01-09 22:25:04,Triangle,274,434
2026-01-09 22:25:04,Pitot,403,590
2026-01-09 22:25:04,Circe,1089,1200
2026-01-09 22:25:04,Garcia Lorca,383,400
2026-01-09 22:25:04,Mosson,252,328
2026-01-09 22:25:04,Sabines,184,285
2026-01-09 22:25:04,Sablassou,356,379
2026-01-09 22:25:04,Saint Jean Le Sec,238,285
2026-01-09 22:25:04,Euromedecine,90,239
2026-01-09 22:25:04,Occitanie,479,615
2026-01-09 22:25:04,Vicarello,42,64
2026-01-09 22:25:04,Gaumont EST,74,109
2026-01-09 22:25:04,Gaumont OUEST,5,250
2026-01-09 22:43:28,Antigone,142,239
2026-01-09 22:43:28,Comedie,128,664
2026-01-09 22:43:28,Corum,151,480
2026-01-09 22:43:28,Europa,485,591
2026-01-09 22:43:28,Foch,592,620
2026-01-09 22:43:28,Gambetta,150,452
2026-01-09 22:43:28,Gare,370,656
2026-01-09 22:43:28,Triangle,274,434
2026-01-09 22:43:28,Pitot,403,590
2026-01-09 22:43:28,Circe,1098,1200
2026-01-09 22:43:28,Garcia Lorca,383,400
2026-01-09 22:43:28,Mosson,253,328
2026-01-09 22:43:28,Sabines,187,285
2026-01-09 22:43:28,Sablassou,356,379
2026-01-09 22:43:28,Saint Jean Le Sec,238,285
2026-01-09 22:43:28,Euromedecine,93,239
2026-01-09 22:43:28,Occitanie,480,615
2026-01-09 22:43:28,Vicarello,43,64
2026-01-09 22:43:28,Gaumont EST,74,109
2026-01-09 22:43:28,Gaumont OUEST,5,250
2026-01-09 22:55:32,Antigone,142,239
2026-01-09 22:55:32,Comedie,140,664
2026-01-09 22:55:32,Corum,166,480
2026-01-09 22:55:32,Europa,485,591
2026-01-09 22:55:32,Foch,586,620
2026-01-09 22:55:32,Gambetta,158,452
2026-01-09 22:55:32,Gare,368,656
2026-01-09 22:55:32,Triangle,274,434
2026-01-09 22:55:32,Pitot,403,590
2026-01-09 22:55:32,Circe,1102,1200
2026-01-09 22:55:32,Garcia Lorca,383,400
2026-01-09 22:55:32,Mosson,253,328
2026-01-09 22:55:32,Sabines,190,285
2026-01-09 22:55:32,Sablassou,361,379
2026-01-09 22:55:32,Saint Jean Le Sec,238,285
2026-01-09 22:55:32,Euromedecine,93,239
2026-01-09 22:55:32,Occitanie,481,615
2026-01-09 22:55:32,Vicarello,43,64
2026-01-09 22:55:32,Gaumont EST,74,109
2026-01-09 22:55:32,Gaumont OUEST,5,250
2026-01-09 23:26:18,Antigone,143,239
2026-01-09 23:26:18,Comedie,231,664
2026-01-09 23:26:18,Corum,228,480
2026-01-09 23:26:18,Europa,486,591
2026-01-09 23:26:18,Foch,571,620
2026-01-09 23:26:18,Gambetta,163,452
2026-01-09 23:26:18,Gare,412,656
2026-01-09 23:26:18,Triangle,274,434
2026-01-09 23:26:18,Pitot,403,590
2026-01-09 23:26:18,Circe,1114,1200
2026-01-09 23:26:18,Garcia Lorca,384,400
2026-01-09 23:26:18,Mosson,258,328
2026-01-09 23:26:18,Sabines,193,285
2026-01-09 23:26:18,Sablassou,366,379
2026-01-09 23:26:18,Saint Jean Le Sec,238,285
2026-01-09 23:26:18,Euromedecine,95,239
2026-01-09 23:26:18,Occitanie,486,615
2026-01-09 23:26:18,Vicarello,43,64
2026-01-09 23:26:18,Gaumont EST,74,109
2026-01-09 23:26:18,Gaumont OUEST,5,250
2026-01-09 23:47:18,Antigone,143,239
2026-01-09 23:47:18,Comedie,251,664
2026-01-09 23:47:18,Corum,246,480
2026-01-09 23:47:18,Europa,485,591
2026-01-09 23:47:18,Foch,566,620
2026-01-09 23:47:18,Gambetta,173,452
2026-01-09 23:47:18,Gare,441,656
2026-01-09 23:47:18,Triangle,274,434
2026-01-09 23:47:18,Pitot,403,590
2026-01-09 23:47:18,Circe,1123,1200
2026-01-09 23:47:18,Garcia Lorca,386,400
2026-01-09 23:47:18,Mosson,259,328
2026-01-09 23:47:18,Sabines,197,285
2026-01-09 23:47:18,Sablassou,366,379
2026-01-09 23:47:18,Saint Jean Le Sec,239,285
2026-01-09 23:47:18,Euromedecine,101,239
2026-01-09 23:47:18,Occitanie,510,615
2026-01-09 23:47:18,Vicarello,43,64
2026-01-09 23:47:18,Gaumont EST,74,109
2026-01-09 23:47:18,Gaumont OUEST,5,250
2026-01-10 00:23:57,Antigone,145,239
2026-01-10 00:23:57,Comedie,294,664
2026-01-10 00:23:57,Corum,265,480
2026-01-10 00:23:57,Europa,486,591
2026-01-10 00:23:57,Foch,569,620
2026-01-10 00:23:57,Gambetta,182,452
2026-01-10 00:23:57,Gare,444,656
2026-01-10 00:23:57,Triangle,274,434
2026-01-10 00:23:57,Pitot,403,590
2026-01-10 00:23:57,Circe,1139,1200
2026-01-10 00:23:57,Garcia Lorca,386,400
2026-01-10 00:23:57,Mosson,265,328
2026-01-10 00:23:57,Sabines,198,285
2026-01-10 00:23:57,Sablassou,369,379
2026-01-10 00:23:57,Saint Jean Le Sec,239,285
2026-01-10 00:23:57,Euromedecine,105,239
2026-01-10 00:23:57,Occitanie,517,615
2026-01-10 00:23:57,Vicarello,42,64
2026-01-10 00:23:57,Gaumont EST,74,109
2026-01-10 00:23:57,Gaumont OUEST,5,250
2026-01-10 00:43:06,Antigone,149,239
2026-01-10 00:43:06,Comedie,318,664
2026-01-10 00:43:06,Corum,274,480
2026-01-10 00:43:06,Europa,486,591
2026-01-10 00:43:06,Foch,570,620
2026-01-10 00:43:06,Gambetta,188,452
2026-01-10 00:43:06,Gare,452,656
2026-01-10 00:43:06,Triangle,274,434
2026-01-10 00:43:06,Pitot,403,590
2026-01-10 00:43:06,Circe,1152,1200
2026-01-10 00:43:06,Garcia Lorca,386,400
2026-01-10 00:43:06,Mosson,266,328
2026-01-10 00:43:06,Sabines,200,285
2026-01-10 00:43:06,Sablassou,371,379
2026-01-10 00:43:06,Saint Jean Le Sec,239,285
2026-01-10 00:43:06,Euromedecine,105,239
2026-01-10 00:43:06,Occitanie,521,615
2026-01-10 00:43:06,Vicarello,42,64
2026-01-10 00:43:06,Gaumont EST,74,109
2026-01-10 00:43:06,Gaumont OUEST,5,250
2026-01-10 00:55:14,Antigone,150,239
2026-01-10 00:55:14,Comedie,339,664
2026-01-10 00:55:14,Corum,282,480
2026-01-10 00:55:14,Europa,486,591
2026-01-10 00:55:14,Foch,575,620
2026-01-10 00:55:14,Gambetta,189,452
2026-01-10 00:55:14,Gare,458,656
2026-01-10 00:55:14,Triangle,274,434
2026-01-10 00:55:14,Pitot,403,590
2026-01-10 00:55:14,Circe,1155,1200
2026-01-10 00:55:14,Garcia Lorca,387,400
2026-01-10 00:55:14,Mosson,266,328
2026-01-10 00:55:14,Sabines,199,285
2026-01-10 00:55:14,Sablassou,371,379
2026-01-10 00:55:14,Saint Jean Le Sec,240,285
2026-01-10 00:55:14,Euromedecine,105,239
2026-01-10 00:55:14,Occitanie,523,615
2026-01-10 00:55:14,Vicarello,42,64
2026-01-10 00:55:14,Gaumont EST,74,109
2026-01-10 00:55:14,Gaumont OUEST,5,250
2026-01-10 02:57:25,Antigone,150,239
2026-01-10 02:57:25,Comedie,404,664
2026-01-10 02:57:25,Corum,301,480
2026-01-10 02:57:25,Europa,486,591
2026-01-10 02:57:25,Foch,581,620
2026-01-10 02:57:25,Gambetta,196,452
2026-01-10 02:57:25,Gare,464,656
2026-01-10 02:57:25,Triangle,274,434
2026-01-10 02:57:25,Pitot,403,590
2026-01-10 02:57:25,Circe,1169,1200
2026-01-10 02:57:25,Garcia Lorca,388,400
2026-01-10 02:57:25,Mosson,268,328
2026-01-10 02:57:25,Sabines,201,285
2026-01-10 02:57:25,Sablassou,372,379
2026-01-10 02:57:25,Saint Jean Le Sec,240,285
2026-01-10 02:57:25,Euromedecine,106,239
2026-01-10 02:57:25,Occitanie,531,615
2026-01-10 02:57:25,Vicarello,40,64
2026-01-10 02:57:25,Gaumont EST,74,109
2026-01-10 02:57:25,Gaumont OUEST,5,250
2026-01-10 04:38:17,Antigone,150,239
2026-01-10 04:38:17,Comedie,439,664
2026-01-10 04:38:17,Corum,307,480
2026-01-10 04:38:17,Europa,486,591
2026-01-10 04:38:17,Foch,588,620
2026-01-10 04:38:17,Gambetta,198,452
2026-01-10 04:38:17,Gare,467,656
2026-01-10 04:38:17,Triangle,274,434
2026-01-10 04:38:17,Pitot,403,590
2026-01-10 04:38:17,Circe,1172,1200
2026-01-10 04:38:17,Garcia Lorca,388,400
2026-01-10 04:38:17,Mosson,267,328
2026-01-10 04:38:17,Sabines,201,285
2026-01-10 04:38:17,Sablassou,371,379
2026-01-10 04:38:17,Saint Jean Le Sec,240,285
2026-01-10 04:38:17,Euromedecine,106,239
2026-01-10 04:38:17,Occitanie,531,615
2026-01-10 04:38:17,Vicarello,40,64
2026-01-10 04:38:17,Gaumont EST,74,109
2026-01-10 04:38:17,Gaumont OUEST,5,250
2026-01-10 05:20:10,Antigone,151,239
2026-01-10 05:20:10,Comedie,449,664
2026-01-10 05:20:10,Corum,309,480
2026-01-10 05:20:10,Europa,485,591
2026-01-10 05:20:10,Foch,593,620
2026-01-10 05:20:10,Gambetta,198,452
2026-01-10 05:20:10,Gare,467,656
2026-01-10 05:20:10,Triangle,274,434
2026-01-10 05:20:10,Pitot,403,590
2026-01-10 05:20:10,Circe,1172,1200
2026-01-10 05:20:10,Garcia Lorca,388,400
2026-01-10 05:20:10,Mosson,266,328
2026-01-10 05:20:10,Sabines,200,285
2026-01-10 05:20:10,Sablassou,371,379
2026-01-10 05:20:10,Saint Jean Le Sec,240,285
2026-01-10 05:20:10,Euromedecine,106,239
2026-01-10 05:20:10,Occitanie,532,615
2026-01-10 05:20:10,Vicarello,40,64
2026-01-10 05:20:10,Gaumont EST,74,109
2026-01-10 05:20:10,Gaumont OUEST,5,250
2026-01-10 05:55:13,Antigone,151,239
2026-01-10 05:55:13,Comedie,450,664
2026-01-10 05:55:13,Corum,308,480
2026-01-10 05:55:13,Europa,484,591
2026-01-10 05:55:13,Foch,596,620
2026-01-10 05:55:13,Gambetta,200,452
2026-01-10 05:55:13,Gare,465,656
2026-01-10 05:55:13,Triangle,274,434
2026-01-10 05:55:13,Pitot,403,590
2026-01-10 05:55:13,Circe,1171,1200
2026-01-10 05:55:13,Garcia Lorca,388,400
2026-01-10 05:55:13,Mosson,262,328
2026-01-10 05:55:13,Sabines,197,285
2026-01-10 05:55:13,Sablassou,371,379
2026-01-10 05:55:13,Saint Jean Le Sec,240,285
2026-01-10 05:55:13,Euromedecine,106,239
2026-01-10 05:55:13,Occitanie,531,615
2026-01-10 05:55:13,Vicarello,40,64
2026-01-10 05:55:13,Gaumont EST,74,109
2026-01-10 05:55:13,Gaumont OUEST,5,250
2026-01-10 06:25:57,Antigone,151,239
2026-01-10 06:25:57,Comedie,452,664
2026-01-10 06:25:57,Corum,307,480
2026-01-10 06:25:57,Europa,484,591
2026-01-10 06:25:57,Foch,597,620
2026-01-10 06:25:57,Gambetta,199,452
2026-01-10 06:25:57,Gare,454,656
2026-01-10 06:25:57,Triangle,274,434
2026-01-10 06:25:57,Pitot,403,590
2026-01-10 06:25:57,Circe,1169,1200
2026-01-10 06:25:57,Garcia Lorca,388,400
2026-01-10 06:25:57,Mosson,261,328
2026-01-10 06:25:57,Sabines,195,285
2026-01-10 06:25:57,Sablassou,371,379
2026-01-10 06:25:57,Saint Jean Le Sec,240,285
2026-01-10 06:25:57,Euromedecine,106,239
2026-01-10 06:25:57,Occitanie,532,615
2026-01-10 06:25:57,Vicarello,40,64
2026-01-10 06:25:57,Gaumont EST,74,109
2026-01-10 06:25:57,Gaumont OUEST,5,250
2026-01-10 06:46:10,Antigone,152,239
2026-01-10 06:46:10,Comedie,452,664
2026-01-10 06:46:10,Corum,308,480
2026-01-10 06:46:10,Europa,484,591
2026-01-10 06:46:10,Foch,595,620
2026-01-10 06:46:10,Gambetta,199,452
2026-01-10 06:46:10,Gare,456,656
2026-01-10 06:46:10,Triangle,274,434
2026-01-10 06:46:10,Pitot,403,590
2026-01-10 06:46:10,Circe,1169,1200
2026-01-10 06:46:10,Garcia Lorca,387,400
2026-01-10 06:46:10,Mosson,260,328
2026-01-10 06:46:10,Sabines,195,285
2026-01-10 06:46:10,Sablassou,370,379
2026-01-10 06:46:10,Saint Jean Le Sec,240,285
2026-01-10 06:46:10,Euromedecine,106,239
2026-01-10 06:46:10,Occitanie,532,615
2026-01-10 06:46:10,Vicarello,40,64
2026-01-10 06:46:10,Gaumont EST,74,109
2026-01-10 06:46:10,Gaumont OUEST,5,250
2026-01-10 07:35:24,Antigone,151,239
2026-01-10 07:35:24,Comedie,452,664
2026-01-10 07:35:24,Corum,308,480
2026-01-10 07:35:24,Europa,484,591
2026-01-10 07:35:24,Foch,592,620
2026-01-10 07:35:24,Gambetta,200,452
2026-01-10 07:35:24,Gare,454,656
2026-01-10 07:35:24,Triangle,274,434
2026-01-10 07:35:24,Pitot,403,590
2026-01-10 07:35:24,Circe,1165,1200
2026-01-10 07:35:24,Garcia Lorca,387,400
2026-01-10 07:35:24,Mosson,256,328
2026-01-10 07:35:24,Sabines,182,285
2026-01-10 07:35:24,Sablassou,369,379
2026-01-10 07:35:24,Saint Jean Le Sec,239,285
2026-01-10 07:35:24,Euromedecine,106,239
2026-01-10 07:35:24,Occitanie,527,615
2026-01-10 07:35:24,Vicarello,40,64
2026-01-10 07:35:24,Gaumont EST,74,109
2026-01-10 07:35:24,Gaumont OUEST,5,250
2026-01-10 07:58:12,Antigone,152,239
2026-01-10 07:58:12,Comedie,452,664
2026-01-10 07:58:12,Corum,305,480
2026-01-10 07:58:12,Europa,485,591
2026-01-10 07:58:12,Foch,592,620
2026-01-10 07:58:12,Gambetta,200,452
2026-01-10 07:58:12,Gare,450,656
2026-01-10 07:58:12,Triangle,274,434
2026-01-10 07:58:12,Pitot,403,590
2026-01-10 07:58:12,Circe,1163,1200
2026-01-10 07:58:12,Garcia Lorca,384,400
2026-01-10 07:58:12,Mosson,252,328
2026-01-10 07:58:12,Sabines,182,285
2026-01-10 07:58:12,Sablassou,366,379
2026-01-10 07:58:12,Saint Jean Le Sec,239,285
2026-01-10 07:58:12,Euromedecine,105,239
2026-01-10 07:58:12,Occitanie,526,615
2026-01-10 07:58:12,Vicarello,38,64
2026-01-10 07:58:12,Gaumont EST,74,109
2026-01-10 07:58:12,Gaumont OUEST,5,250
2026-01-10 08:27:22,Antigone,152,239
2026-01-10 08:27:22,Comedie,450,664
2026-01-10 08:27:22,Corum,301,480
2026-01-10 08:27:22,Europa,482,591
2026-01-10 08:27:22,Foch,591,620
2026-01-10 08:27:22,Gambetta,200,452
2026-01-10 08:27:22,Gare,429,656
2026-01-10 08:27:22,Triangle,274,434
2026-01-10 08:27:22,Pitot,403,590
2026-01-10 08:27:22,Circe,1157,1200
2026-01-10 08:27:22,Garcia Lorca,384,400
2026-01-10 08:27:22,Mosson,248,328
2026-01-10 08:27:22,Sabines,174,285
2026-01-10 08:27:22,Sablassou,362,379
2026-01-10 08:27:22,Saint Jean Le Sec,239,285
2026-01-10 08:27:22,Euromedecine,102,239
2026-01-10 08:27:22,Occitanie,523,615
2026-01-10 08:27:22,Vicarello,34,64
2026-01-10 08:27:22,Gaumont EST,74,109
2026-01-10 08:27:22,Gaumont OUEST,5,250
2026-01-10 08:42:26,Antigone,152,239
2026-01-10 08:42:26,Comedie,449,664
2026-01-10 08:42:26,Corum,300,480
2026-01-10 08:42:26,Europa,478,591
2026-01-10 08:42:26,Foch,592,620
2026-01-10 08:42:26,Gambetta,199,452
2026-01-10 08:42:26,Gare,420,656
2026-01-10 08:42:26,Triangle,274,434
2026-01-10 08:42:26,Pitot,403,590
2026-01-10 08:42:26,Circe,1154,1200
2026-01-10 08:42:26,Garcia Lorca,383,400
2026-01-10 08:42:26,Mosson,247,328
2026-01-10 08:42:26,Sabines,169,285
2026-01-10 08:42:26,Sablassou,362,379
2026-01-10 08:42:26,Saint Jean Le Sec,239,285
2026-01-10 08:42:26,Euromedecine,100,239
2026-01-10 08:42:26,Occitanie,518,615
2026-01-10 08:42:26,Vicarello,20,64
2026-01-10 08:42:26,Gaumont EST,74,109
2026-01-10 08:42:26,Gaumont OUEST,5,250
2026-01-10 08:54:27,Antigone,152,239
2026-01-10 08:54:27,Comedie,448,664
2026-01-10 08:54:27,Corum,299,480
2026-01-10 08:54:27,Europa,477,591
2026-01-10 08:54:27,Foch,591,620
2026-01-10 08:54:27,Gambetta,194,452
2026-01-10 08:54:27,Gare,423,656
2026-01-10 08:54:27,Triangle,274,434
2026-01-10 08:54:27,Pitot,403,590
2026-01-10 08:54:27,Circe,1151,1200
2026-01-10 08:54:27,Garcia Lorca,381,400
2026-01-10 08:54:27,Mosson,244,328
2026-01-10 08:54:27,Sabines,169,285
2026-01-10 08:54:27,Sablassou,362,379
2026-01-10 08:54:27,Saint Jean Le Sec,238,285
2026-01-10 08:54:27,Euromedecine,99,239
2026-01-10 08:54:27,Occitanie,518,615
2026-01-10 08:54:27,Vicarello,23,64
2026-01-10 08:54:27,Gaumont EST,74,109
2026-01-10 08:54:27,Gaumont OUEST,5,250
2026-01-10 09:31:07,Antigone,152,239
2026-01-10 09:31:07,Comedie,437,664
2026-01-10 09:31:07,Corum,287,480
2026-01-10 09:31:07,Europa,467,591
2026-01-10 09:31:07,Foch,586,620
2026-01-10 09:31:07,Gambetta,177,452
2026-01-10 09:31:07,Gare,417,656
2026-01-10 09:31:07,Triangle,274,434
2026-01-10 09:31:07,Pitot,403,590
2026-01-10 09:31:07,Circe,1138,1200
2026-01-10 09:31:07,Garcia Lorca,380,400
2026-01-10 09:31:07,Mosson,232,328
2026-01-10 09:31:07,Sabines,154,285
2026-01-10 09:31:07,Sablassou,355,379
2026-01-10 09:31:07,Saint Jean Le Sec,236,285
2026-01-10 09:31:07,Euromedecine,92,239
2026-01-10 09:31:07,Occitanie,506,615
2026-01-10 09:31:07,Vicarello,5,64
2026-01-10 09:31:07,Gaumont EST,74,109
2026-01-10 09:31:07,Gaumont OUEST,5,250
2026-01-10 09:56:49,Antigone,153,239
2026-01-10 09:56:49,Comedie,419,664
2026-01-10 09:56:49,Corum,279,480
2026-01-10 09:56:49,Europa,463,591
2026-01-10 09:56:49,Foch,573,620
2026-01-10 09:56:49,Gambetta,155,452
2026-01-10 09:56:49,Gare,417,656
2026-01-10 09:56:49,Triangle,274,434
2026-01-10 09:56:49,Pitot,403,590
2026-01-10 09:56:49,Circe,1128,1200
2026-01-10 09:56:49,Garcia Lorca,378,400
2026-01-10 09:56:49,Mosson,222,328
2026-01-10 09:56:49,Sabines,150,285
2026-01-10 09:56:49,Sablassou,344,379
2026-01-10 09:56:49,Saint Jean Le Sec,235,285
2026-01-10 09:56:49,Euromedecine,87,239
2026-01-10 09:56:49,Occitanie,491,615
2026-01-10 09:56:49,Vicarello,5,64
2026-01-10 09:56:49,Gaumont EST,74,109
2026-01-10 09:56:49,Gaumont OUEST,5,250
2026-01-10 10:28:25,Antigone,152,239
2026-01-10 10:28:25,Comedie,384,664
2026-01-10 10:28:25,Corum,266,480
2026-01-10 10:28:25,Europa,456,591
2026-01-10 10:28:25,Foch,553,620
2026-01-10 10:28:25,Gambetta,138,452
2026-01-10 10:28:25,Gare,405,656
2026-01-10 10:28:25,Triangle,274,434
2026-01-10 10:28:25,Pitot,403,590
2026-01-10 10:28:25,Circe,1112,1200
2026-01-10 10:28:25,Garcia Lorca,374,400
2026-01-10 10:28:25,Mosson,213,328
2026-01-10 10:28:25,Sabines,148,285
2026-01-10 10:28:25,Sablassou,336,379
2026-01-10 10:28:25,Saint Jean Le Sec,231,285
2026-01-10 10:28:25,Euromedecine,85,239
2026-01-10 10:28:25,Occitanie,476,615
2026-01-10 10:28:25,Vicarello,7,64
2026-01-10 10:28:25,Gaumont EST,74,109
2026-01-10 10:28:25,Gaumont OUEST,5,250
2026-01-10 10:44:39,Antigone,152,239
2026-01-10 10:44:39,Comedie,358,664
2026-01-10 10:44:39,Corum,253,480
2026-01-10 10:44:39,Europa,456,591
2026-01-10 10:44:39,Foch,544,620
2026-01-10 10:44:39,Gambetta,125,452
2026-01-10 10:44:39,Gare,395,656
2026-01-10 10:44:39,Triangle,274,434
2026-01-10 10:44:39,Pitot,403,590
2026-01-10 10:44:39,Circe,1093,1200
2026-01-10 10:44:39,Garcia Lorca,374,400
2026-01-10 10:44:39,Mosson,206,328
2026-01-10 10:44:39,Sabines,144,285
2026-01-10 10:44:39,Sablassou,326,379
2026-01-10 10:44:39,Saint Jean Le Sec,230,285
2026-01-10 10:44:39,Euromedecine,82,239
2026-01-10 10:44:39,Occitanie,469,615
2026-01-10 10:44:39,Vicarello,7,64
2026-01-10 10:44:39,Gaumont EST,74,109
2026-01-10 10:44:39,Gaumont OUEST,5,250
2026-01-10 10:56:00,Antigone,152,239
2026-01-10 10:56:00,Comedie,342,664
2026-01-10 10:56:00,Corum,248,480
2026-01-10 10:56:00,Europa,449,591
2026-01-10 10:56:00,Foch,530,620
2026-01-10 10:56:00,Gambetta,115,452
2026-01-10 10:56:00,Gare,388,656
2026-01-10 10:56:00,Triangle,274,434
2026-01-10 10:56:00,Pitot,403,590
2026-01-10 10:56:00,Circe,1068,1200
2026-01-10 10:56:00,Garcia Lorca,372,400
2026-01-10 10:56:00,Mosson,207,328
2026-01-10 10:56:00,Sabines,138,285
2026-01-10 10:56:00,Sablassou,323,379
2026-01-10 10:56:00,Saint Jean Le Sec,229,285
2026-01-10 10:56:00,Euromedecine,82,239
2026-01-10 10:56:00,Occitanie,458,615
2026-01-10 10:56:00,Vicarello,8,64
2026-01-10 10:56:00,Gaumont EST,74,109
2026-01-10 10:56:00,Gaumont OUEST,5,250
2026-01-10 11:26:58,Antigone,151,239
2026-01-10 11:26:58,Comedie,305,664
2026-01-10 11:26:58,Corum,231,480
2026-01-10 11:26:58,Europa,456,591
2026-01-10 11:26:58,Foch,518,620
2026-01-10 11:26:58,Gambetta,111,452
2026-01-10 11:26:58,Gare,376,656
2026-01-10 11:26:58,Triangle,274,434
2026-01-10 11:26:58,Pitot,403,590
2026-01-10 11:26:58,Circe,1027,1200
2026-01-10 11:26:58,Garcia Lorca,369,400
2026-01-10 11:26:58,Mosson,205,328
2026-01-10 11:26:58,Sabines,138,285
2026-01-10 11:26:58,Sablassou,321,379
2026-01-10 11:26:58,Saint Jean Le Sec,226,285
2026-01-10 11:26:58,Euromedecine,75,239
2026-01-10 11:26:58,Occitanie,441,615
2026-01-10 11:26:58,Vicarello,8,64
2026-01-10 11:26:58,Gaumont EST,74,109
2026-01-10 11:26:58,Gaumont OUEST,5,250
2026-01-10 11:46:23,Antigone,150,239
2026-01-10 11:46:23,Comedie,290,664
2026-01-10 11:46:23,Corum,217,480
2026-01-10 11:46:23,Europa,454,591
2026-01-10 11:46:23,Foch,504,620
2026-01-10 11:46:23,Gambetta,123,452
2026-01-10 11:46:23,Gare,372,656
2026-01-10 11:46:23,Triangle,274,434
2026-01-10 11:46:23,Pitot,403,590
2026-01-10 11:46:23,Circe,998,1200
2026-01-10 11:46:23,Garcia Lorca,367,400
2026-01-10 11:46:23,Mosson,204,328
2026-01-10 11:46:23,Sabines,133,285
2026-01-10 11:46:23,Sablassou,313,379
2026-01-10 11:46:23,Saint Jean Le Sec,223,285
2026-01-10 11:46:23,Euromedecine,75,239
2026-01-10 11:46:23,Occitanie,434,615
2026-01-10 11:46:23,Vicarello,12,64
2026-01-10 11:46:23,Gaumont EST,74,109
2026-01-10 11:46:23,Gaumont OUEST,5,250
2026-01-10 12:19:40,Antigone,149,239
2026-01-10 12:19:40,Comedie,253,664
2026-01-10 12:19:40,Corum,196,480
2026-01-10 12:19:40,Europa,458,591
2026-01-10 12:19:40,Foch,467,620
2026-01-10 12:19:40,Gambetta,125,452
2026-01-10 12:19:40,Gare,376,656
2026-01-10 12:19:40,Triangle,274,434
2026-01-10 12:19:40,Pitot,403,590
2026-01-10 12:19:40,Circe,963,1200
2026-01-10 12:19:40,Garcia Lorca,363,400
2026-01-10 12:19:40,Mosson,205,328
2026-01-10 12:19:40,Sabines,133,285
2026-01-10 12:19:40,Sablassou,310,379
2026-01-10 12:19:40,Saint Jean Le Sec,222,285
2026-01-10 12:19:40,Euromedecine,73,239
2026-01-10 12:19:40,Occitanie,426,615
2026-01-10 12:19:40,Vicarello,16,64
2026-01-10 12:19:40,Gaumont EST,74,109
2026-01-10 12:19:40,Gaumont OUEST,5,250
2026-01-10 12:39:49,Antigone,147,239
2026-01-10 12:39:49,Comedie,243,664
2026-01-10 12:39:49,Corum,183,480
2026-01-10 12:39:49,Europa,458,591
2026-01-10 12:39:49,Foch,457,620
2026-01-10 12:39:49,Gambetta,141,452
2026-01-10 12:39:49,Gare,383,656
2026-01-10 12:39:49,Triangle,274,434
2026-01-10 12:39:49,Pitot,403,590
2026-01-10 12:39:49,Circe,941,1200
2026-01-10 12:39:49,Garcia Lorca,363,400
2026-01-10 12:39:49,Mosson,201,328
2026-01-10 12:39:49,Sabines,129,285
2026-01-10 12:39:49,Sablassou,309,379
2026-01-10 12:39:49,Saint Jean Le Sec,221,285
2026-01-10 12:39:49,Euromedecine,72,239
2026-01-10 12:39:49,Occitanie,420,615
2026-01-10 12:39:49,Vicarello,19,64
2026-01-10 12:39:49,Gaumont EST,74,109
2026-01-10 12:39:49,Gaumont OUEST,5,250
2026-01-10 12:52:20,Antigone,145,239
2026-01-10 12:52:20,Comedie,223,664
2026-01-10 12:52:20,Corum,175,480
2026-01-10 12:52:20,Europa,457,591
2026-01-10 12:52:20,Foch,443,620
2026-01-10 12:52:20,Gambetta,133,452
2026-01-10 12:52:20,Gare,376,656
2026-01-10 12:52:20,Triangle,274,434
2026-01-10 12:52:20,Pitot,403,590
2026-01-10 12:52:20,Circe,930,1200
2026-01-10 12:52:20,Garcia Lorca,363,400
2026-01-10 12:52:20,Mosson,201,328
2026-01-10 12:52:20,Sabines,130,285
2026-01-10 12:52:20,Sablassou,309,379
2026-01-10 12:52:20,Saint Jean Le Sec,220,285
2026-01-10 12:52:20,Euromedecine,72,239
2026-01-10 12:52:20,Occitanie,416,615
2026-01-10 12:52:20,Vicarello,23,64
2026-01-10 12:52:20,Gaumont EST,74,109
2026-01-10 12:52:20,Gaumont OUEST,5,250
2026-01-10 13:47:10,Antigone,143,239
2026-01-10 13:47:10,Comedie,181,664
2026-01-10 13:47:10,Corum,164,480
2026-01-10 13:47:10,Europa,450,591
2026-01-10 13:47:10,Foch,399,620
2026-01-10 13:47:10,Gambetta,128,452
2026-01-10 13:47:10,Gare,373,656
2026-01-10 13:47:10,Triangle,274,434
2026-01-10 13:47:10,Pitot,403,590
2026-01-10 13:47:10,Circe,869,1200
2026-01-10 13:47:10,Garcia Lorca,363,400
2026-01-10 13:47:10,Mosson,198,328
2026-01-10 13:47:10,Sabines,136,285
2026-01-10 13:47:10,Sablassou,300,379
2026-01-10 13:47:10,Saint Jean Le Sec,214,285
2026-01-10 13:47:10,Euromedecine,68,239
2026-01-10 13:47:10,Occitanie,401,615
2026-01-10 13:47:10,Vicarello,34,64
2026-01-10 13:47:10,Gaumont EST,74,109
2026-01-10 13:47:10,Gaumont OUEST,5,250
2026-01-10 14:31:19,Antigone,132,239
2026-01-10 14:31:19,Comedie,143,664
2026-01-10 14:31:19,Corum,135,480
2026-01-10 14:31:19,Europa,439,591
2026-01-10 14:31:19,Foch,406,620
2026-01-10 14:31:19,Gambetta,144,452
2026-01-10 14:31:19,Gare,349,656
2026-01-10 14:31:19,Triangle,274,434
2026-01-10 14:31:19,Pitot,403,590
2026-01-10 14:31:19,Circe,824,1200
2026-01-10 14:31:19,Garcia Lorca,363,400
2026-01-10 14:31:19,Mosson,192,328
2026-01-10 14:31:19,Sabines,124,285
2026-01-10 14:31:19,Sablassou,284,379
2026-01-10 14:31:19,Saint Jean Le Sec,206,285
2026-01-10 14:31:19,Euromedecine,60,239
2026-01-10 14:31:19,Occitanie,388,615
2026-01-10 14:31:19,Vicarello,40,64
2026-01-10 14:31:19,Gaumont EST,74,109
2026-01-10 14:31:19,Gaumont OUEST,5,250
2026-01-10 14:53:18,Antigone,125,239
2026-01-10 14:53:18,Comedie,124,664
2026-01-10 14:53:18,Corum,129,480
2026-01-10 14:53:18,Europa,435,591
2026-01-10 14:53:18,Foch,405,620
2026-01-10 14:53:18,Gambetta,142,452
2026-01-10 14:53:18,Gare,354,656
2026-01-10 14:53:18,Triangle,274,434
2026-01-10 14:53:18,Pitot,403,590
2026-01-10 14:53:18,Circe,804,1200
2026-01-10 14:53:18,Garcia Lorca,360,400
2026-01-10 14:53:18,Mosson,185,328
2026-01-10 14:53:18,Sabines,124,285
2026-01-10 14:53:18,Sablassou,280,379
2026-01-10 14:53:18,Saint Jean Le Sec,204,285
2026-01-10 14:53:18,Euromedecine,57,239
2026-01-10 14:53:18,Occitanie,379,615
2026-01-10 14:53:18,Vicarello,43,64
2026-01-10 14:53:18,Gaumont EST,74,109
2026-01-10 14:53:18,Gaumont OUEST,5,250
2026-01-10 15:22:17,Antigone,115,239
2026-01-10 15:22:17,Comedie,118,664
2026-01-10 15:22:17,Corum,118,480
2026-01-10 15:22:17,Europa,433,591
2026-01-10 15:22:17,Foch,418,620
2026-01-10 15:22:17,Gambetta,146,452
2026-01-10 15:22:17,Gare,374,656
2026-01-10 15:22:17,Triangle,274,434
2026-01-10 15:22:17,Pitot,403,590
2026-01-10 15:22:17,Circe,776,1200
2026-01-10 15:22:17,Garcia Lorca,359,400
2026-01-10 15:22:17,Mosson,179,328
2026-01-10 15:22:17,Sabines,120,285
2026-01-10 15:22:17,Sablassou,266,379
2026-01-10 15:22:17,Saint Jean Le Sec,201,285
2026-01-10 15:22:17,Euromedecine,55,239
2026-01-10 15:22:17,Occitanie,377,615
2026-01-10 15:22:17,Vicarello,45,64
2026-01-10 15:22:17,Gaumont EST,74,109
2026-01-10 15:22:17,Gaumont OUEST,5,250
2026-01-10 15:43:41,Antigone,104,239
2026-01-10 15:43:41,Comedie,116,664
2026-01-10 15:43:41,Corum,113,480
2026-01-10 15:43:41,Europa,433,591
2026-01-10 15:43:41,Foch,428,620
2026-01-10 15:43:41,Gambetta,147,452
2026-01-10 15:43:41,Gare,377,656
2026-01-10 15:43:41,Triangle,274,434
2026-01-10 15:43:41,Pitot,403,590
2026-01-10 15:43:41,Circe,759,1200
2026-01-10 15:43:41,Garcia Lorca,357,400
2026-01-10 15:43:41,Mosson,183,328
2026-01-10 15:43:41,Sabines,121,285
2026-01-10 15:43:41,Sablassou,264,379
2026-01-10 15:43:41,Saint Jean Le Sec,200,285
2026-01-10 15:43:41,Euromedecine,54,239
2026-01-10 15:43:41,Occitanie,380,615
2026-01-10 15:43:41,Vicarello,46,64
2026-01-10 15:43:41,Gaumont EST,74,109
2026-01-10 15:43:41,Gaumont OUEST,5,250
2026-01-10 15:55:52,Antigone,96,239
2026-01-10 15:55:52,Comedie,122,664
2026-01-10 15:55:52,Corum,112,480
2026-01-10 15:55:52,Europa,425,591
2026-01-10 15:55:52,Foch,434,620
2026-01-10 15:55:52,Gambetta,157,452
2026-01-10 15:55:52,Gare,377,656
2026-01-10 15:55:52,Triangle,274,434
2026-01-10 15:55:52,Pitot,403,590
2026-01-10 15:55:52,Circe,720,1200
2026-01-10 15:55:52,Garcia Lorca,355,400
2026-01-10 15:55:52,Mosson,181,328
2026-01-10 15:55:52,Sabines,124,285
2026-01-10 15:55:52,Sablassou,268,379
2026-01-10 15:55:52,Saint Jean Le Sec,204,285
2026-01-10 15:55:52,Euromedecine,52,239
2026-01-10 15:55:52,Occitanie,378,615
2026-01-10 15:55:52,Vicarello,48,64
2026-01-10 15:55:52,Gaumont EST,74,109
2026-01-10 15:55:52,Gaumont OUEST,5,250
2026-01-10 16:24:48,Antigone,98,239
2026-01-10 16:24:48,Comedie,108,664
2026-01-10 16:24:48,Corum,114,480
2026-01-10 16:24:48,Europa,422,591
2026-01-10 16:24:48,Foch,465,620
2026-01-10 16:24:48,Gambetta,154,452
2026-01-10 16:24:48,Gare,373,656
2026-01-10 16:24:48,Triangle,274,434
2026-01-10 16:24:48,Pitot,403,590
2026-01-10 16:24:48,Circe,710,1200
2026-01-10 16:24:48,Garcia Lorca,350,400
2026-01-10 16:24:48,Mosson,181,328
2026-01-10 16:24:48,Sabines,126,285
2026-01-10 16:24:48,Sablassou,268,379
2026-01-10 16:24:48,Saint Jean Le Sec,202,285
2026-01-10 16:24:48,Euromedecine,51,239
2026-01-10 16:24:48,Occitanie,376,615
2026-01-10 16:24:48,Vicarello,51,64
2026-01-10 16:24:48,Gaumont EST,74,109
2026-01-10 16:24:48,Gaumont OUEST,5,250
2026-01-10 16:42:18,Antigone,101,239
2026-01-10 16:42:18,Comedie,109,664
2026-01-10 16:42:18,Corum,122,480
2026-01-10 16:42:18,Europa,422,591
2026-01-10 16:42:18,Foch,458,620
2026-01-10 16:42:18,Gambetta,152,452
2026-01-10 16:42:18,Gare,373,656
2026-01-10 16:42:18,Triangle,274,434
2026-01-10 16:42:18,Pitot,403,590
2026-01-10 16:42:18,Circe,691,1200
2026-01-10 16:42:18,Garcia Lorca,354,400
2026-01-10 16:42:18,Mosson,184,328
2026-01-10 16:42:18,Sabines,130,285
2026-01-10 16:42:18,Sablassou,274,379
2026-01-10 16:42:18,Saint Jean Le Sec,207,285
2026-01-10 16:42:18,Euromedecine,49,239
2026-01-10 16:42:18,Occitanie,384,615
2026-01-10 16:42:18,Vicarello,48,64
2026-01-10 16:42:18,Gaumont EST,74,109
2026-01-10 16:42:18,Gaumont OUEST,5,250
2026-01-10 16:54:34,Antigone,99,239
2026-01-10 16:54:34,Comedie,108,664
2026-01-10 16:54:34,Corum,125,480
2026-01-10 16:54:34,Europa,412,591
2026-01-10 16:54:34,Foch,462,620
2026-01-10 16:54:34,Gambetta,154,452
2026-01-10 16:54:34,Gare,378,656
2026-01-10 16:54:34,Triangle,274,434
2026-01-10 16:54:34,Pitot,403,590
2026-01-10 16:54:34,Circe,698,1200
2026-01-10 16:54:34,Garcia Lorca,353,400
2026-01-10 16:54:34,Mosson,183,328
2026-01-10 16:54:34,Sabines,130,285
2026-01-10 16:54:34,Sablassou,276,379
2026-01-10 16:54:34,Saint Jean Le Sec,207,285
2026-01-10 16:54:34,Euromedecine,51,239
2026-01-10 16:54:34,Occitanie,385,615
2026-01-10 16:54:34,Vicarello,46,64
2026-01-10 16:54:34,Gaumont EST,74,109
2026-01-10 16:54:34,Gaumont OUEST,5,250
2026-01-10 17:28:50,Antigone,98,239
2026-01-10 17:28:50,Comedie,143,664
2026-01-10 17:28:50,Corum,138,480
2026-01-10 17:28:50,Europa,388,591
2026-01-10 17:28:50,Foch,465,620
2026-01-10 17:28:50,Gambetta,160,452
2026-01-10 17:28:50,Gare,384,656
2026-01-10 17:28:50,Triangle,274,434
2026-01-10 17:28:50,Pitot,403,590
2026-01-10 17:28:50,Circe,726,1200
2026-01-10 17:28:50,Garcia Lorca,354,400
2026-01-10 17:28:50,Mosson,185,328
2026-01-10 17:28:50,Sabines,131,285
2026-01-10 17:28:50,Sablassou,275,379
2026-01-10 17:28:50,Saint Jean Le Sec,208,285
2026-01-10 17:28:50,Euromedecine,55,239
2026-01-10 17:28:50,Occitanie,402,615
2026-01-10 17:28:50,Vicarello,47,64
2026-01-10 17:28:50,Gaumont EST,74,109
2026-01-10 17:28:50,Gaumont OUEST,5,250
2026-01-10 17:50:26,Antigone,86,239
2026-01-10 17:50:26,Comedie,137,664
2026-01-10 17:50:26,Corum,141,480
2026-01-10 17:50:26,Europa,368,591
2026-01-10 17:50:26,Foch,463,620
2026-01-10 17:50:26,Gambetta,160,452
2026-01-10 17:50:26,Gare,380,656
2026-01-10 17:50:26,Triangle,274,434
2026-01-10 17:50:26,Pitot,403,590
2026-01-10 17:50:26,Circe,744,1200
2026-01-10 17:50:26,Garcia Lorca,353,400
2026-01-10 17:50:26,Mosson,185,328
2026-01-10 17:50:26,Sabines,130,285
2026-01-10 17:50:26,Sablassou,282,379
2026-01-10 17:50:26,Saint Jean Le Sec,204,285
2026-01-10 17:50:26,Euromedecine,63,239
2026-01-10 17:50:26,Occitanie,413,615
2026-01-10 17:50:26,Vicarello,49,64
2026-01-10 17:50:26,Gaumont EST,74,109
2026-01-10 17:50:26,Gaumont OUEST,5,250
2026-01-10 18:20:58,Antigone,72,239
2026-01-10 18:20:58,Comedie,194,664
2026-01-10 18:20:58,Corum,134,480
2026-01-10 18:20:58,Europa,343,591
2026-01-10 18:20:58,Foch,476,620
2026-01-10 18:20:58,Gambetta,163,452
2026-01-10 18:20:58,Gare,376,656
2026-01-10 18:20:58,Triangle,274,434
2026-01-10 18:20:58,Pitot,403,590
2026-01-10 18:20:58,Circe,772,1200
2026-01-10 18:20:58,Garcia Lorca,353,400
2026-01-10 18:20:58,Mosson,188,328
2026-01-10 18:20:58,Sabines,134,285
2026-01-10 18:20:58,Sablassou,287,379
2026-01-10 18:20:58,Saint Jean Le Sec,213,285
2026-01-10 18:20:58,Euromedecine,66,239
2026-01-10 18:20:58,Occitanie,419,615
2026-01-10 18:20:58,Vicarello,49,64
2026-01-10 18:20:58,Gaumont EST,74,109
2026-01-10 18:20:58,Gaumont OUEST,5,250
2026-01-10 18:42:29,Antigone,72,239
2026-01-10 18:42:29,Comedie,218,664
2026-01-10 18:42:29,Corum,113,480
2026-01-10 18:42:29,Europa,333,591
2026-01-10 18:42:29,Foch,469,620
2026-01-10 18:42:29,Gambetta,160,452
2026-01-10 18:42:29,Gare,369,656
2026-01-10 18:42:29,Triangle,274,434
2026-01-10 18:42:29,Pitot,403,590
2026-01-10 18:42:29,Circe,805,1200
2026-01-10 18:42:29,Garcia Lorca,354,400
2026-01-10 18:42:29,Mosson,206,328
2026-01-10 18:42:29,Sabines,132,285
2026-01-10 18:42:29,Sablassou,297,379
2026-01-10 18:42:29,Saint Jean Le Sec,213,285
2026-01-10 18:42:29,Euromedecine,71,239
2026-01-10 18:42:29,Occitanie,412,615
2026-01-10 18:42:29,Vicarello,49,64
2026-01-10 18:42:29,Gaumont EST,74,109
2026-01-10 18:42:29,Gaumont OUEST,5,250
2026-01-10 18:54:12,Antigone,70,239
2026-01-10 18:54:12,Comedie,221,664
2026-01-10 18:54:12,Corum,105,480
2026-01-10 18:54:12,Europa,331,591
2026-01-10 18:54:12,Foch,473,620
2026-01-10 18:54:12,Gambetta,164,452
2026-01-10 18:54:12,Gare,369,656
2026-01-10 18:54:12,Triangle,274,434
2026-01-10 18:54:12,Pitot,403,590
2026-01-10 18:54:12,Circe,824,1200
2026-01-10 18:54:12,Garcia Lorca,359,400
2026-01-10 18:54:12,Mosson,209,328
2026-01-10 18:54:12,Sabines,139,285
2026-01-10 18:54:12,Sablassou,301,379
2026-01-10 18:54:12,Saint Jean Le Sec,215,285
2026-01-10 18:54:12,Euromedecine,75,239
2026-01-10 18:54:12,Occitanie,415,615
2026-01-10 18:54:12,Vicarello,48,64
2026-01-10 18:54:12,Gaumont EST,74,109
2026-01-10 18:54:12,Gaumont OUEST,5,250
2026-01-10 19:34:07,Antigone,76,239
2026-01-10 19:34:07,Comedie,253,664
2026-01-10 19:34:07,Corum,71,480
2026-01-10 19:34:07,Europa,342,591
2026-01-10 19:34:07,Foch,506,620
2026-01-10 19:34:07,Gambetta,159,452
2026-01-10 19:34:07,Gare,345,656
2026-01-10 19:34:07,Triangle,274,434
2026-01-10 19:34:07,Pitot,403,590
2026-01-10 19:34:07,Circe,855,1200
2026-01-10 19:34:07,Garcia Lorca,360,400
2026-01-10 19:34:07,Mosson,223,328
2026-01-10 19:34:07,Sabines,145,285
2026-01-10 19:34:07,Sablassou,319,379
2026-01-10 19:34:07,Saint Jean Le Sec,217,285
2026-01-10 19:34:07,Euromedecine,76,239
2026-01-10 19:34:07,Occitanie,435,615
2026-01-10 19:34:07,Vicarello,48,64
2026-01-10 19:34:07,Gaumont EST,74,109
2026-01-10 19:34:07,Gaumont OUEST,5,250
2026-01-10 19:57:16,Antigone,82,239
2026-01-10 19:57:16,Comedie,265,664
2026-01-10 19:57:16,Corum,27,480
2026-01-10 19:57:16,Europa,336,591
2026-01-10 19:57:16,Foch,521,620
2026-01-10 19:57:16,Gambetta,136,452
2026-01-10 19:57:16,Gare,331,656
2026-01-10 19:57:16,Triangle,274,434
2026-01-10 19:57:16,Pitot,403,590
2026-01-10 19:57:16,Circe,872,1200
2026-01-10 19:57:16,Garcia Lorca,365,400
2026-01-10 19:57:16,Mosson,228,328
2026-01-10 19:57:16,Sabines,147,285
2026-01-10 19:57:16,Sablassou,328,379
2026-01-10 19:57:16,Saint Jean Le Sec,219,285
2026-01-10 19:57:16,Euromedecine,78,239
2026-01-10 19:57:16,Occitanie,446,615
2026-01-10 19:57:16,Vicarello,47,64
2026-01-10 19:57:16,Gaumont EST,74,109
2026-01-10 19:57:16,Gaumont OUEST,5,250
2026-01-10 20:22:47,Antigone,90,239
2026-01-10 20:22:47,Comedie,273,664
2026-01-10 20:22:47,Corum,17,480
2026-01-10 20:22:47,Europa,333,591
2026-01-10 20:22:47,Foch,529,620
2026-01-10 20:22:47,Gambetta,109,452
2026-01-10 20:22:47,Gare,315,656
2026-01-10 20:22:47,Triangle,274,434
2026-01-10 20:22:47,Pitot,403,590
2026-01-10 20:22:47,Circe,889,1200
2026-01-10 20:22:47,Garcia Lorca,369,400
2026-01-10 20:22:47,Mosson,234,328
2026-01-10 20:22:47,Sabines,144,285
2026-01-10 20:22:47,Sablassou,331,379
2026-01-10 20:22:47,Saint Jean Le Sec,221,285
2026-01-10 20:22:47,Euromedecine,80,239
2026-01-10 20:22:47,Occitanie,440,615
2026-01-10 20:22:47,Vicarello,47,64
2026-01-10 20:22:47,Gaumont EST,74,109
2026-01-10 20:22:47,Gaumont OUEST,5,250
2026-01-10 20:39:37,Antigone,92,239
2026-01-10 20:39:37,Comedie,273,664
2026-01-10 20:39:37,Corum,24,480
2026-01-10 20:39:37,Europa,350,591
2026-01-10 20:39:37,Foch,530,620
2026-01-10 20:39:37,Gambetta,98,452
2026-01-10 20:39:37,Gare,289,656
2026-01-10 20:39:37,Triangle,274,434
2026-01-10 20:39:37,Pitot,403,590
2026-01-10 20:39:37,Circe,892,1200
2026-01-10 20:39:37,Garcia Lorca,368,400
2026-01-10 20:39:37,Mosson,233,328
2026-01-10 20:39:37,Sabines,146,285
2026-01-10 20:39:37,Sablassou,331,379
2026-01-10 20:39:37,Saint Jean Le Sec,221,285
2026-01-10 20:39:37,Euromedecine,81,239
2026-01-10 20:39:37,Occitanie,444,615
2026-01-10 20:39:37,Vicarello,46,64
2026-01-10 20:39:37,Gaumont EST,74,109
2026-01-10 20:39:37,Gaumont OUEST,5,250
2026-01-10 20:52:15,Antigone,99,239
2026-01-10 20:52:15,Comedie,271,664
2026-01-10 20:52:15,Corum,28,480
2026-01-10 20:52:15,Europa,358,591
2026-01-10 20:52:15,Foch,507,620
2026-01-10 20:52:15,Gambetta,101,452
2026-01-10 20:52:15,Gare,281,656
2026-01-10 20:52:15,Triangle,274,434
2026-01-10 20:52:15,Pitot,403,590
2026-01-10 20:52:15,Circe,892,1200
2026-01-10 20:52:15,Garcia Lorca,368,400
2026-01-10 20:52:15,Mosson,234,328
2026-01-10 20:52:15,Sabines,155,285
2026-01-10 20:52:15,Sablassou,332,379
2026-01-10 20:52:15,Saint Jean Le Sec,222,285
2026-01-10 20:52:15,Euromedecine,81,239
2026-01-10 20:52:15,Occitanie,450,615
2026-01-10 20:52:15,Vicarello,46,64
2026-01-10 20:52:15,Gaumont EST,74,109
2026-01-10 20:52:15,Gaumont OUEST,5,250
2026-01-10 21:26:29,Antigone,127,239
2026-01-10 21:26:29,Comedie,241,664
2026-01-10 21:26:29,Corum,93,480
2026-01-10 21:26:29,Europa,433,591
2026-01-10 21:26:29,Foch,456,620
2026-01-10 21:26:29,Gambetta,103,452
2026-01-10 21:26:29,Gare,291,656
2026-01-10 21:26:29,Triangle,274,434
2026-01-10 21:26:29,Pitot,403,590
2026-01-10 21:26:29,Circe,926,1200
2026-01-10 21:26:29,Garcia Lorca,372,400
2026-01-10 21:26:29,Mosson,244,328
2026-01-10 21:26:29,Sabines,163,285
2026-01-10 21:26:29,Sablassou,343,379
2026-01-10 21:26:29,Saint Jean Le Sec,226,285
2026-01-10 21:26:29,Euromedecine,84,239
2026-01-10 21:26:29,Occitanie,458,615
2026-01-10 21:26:29,Vicarello,45,64
2026-01-10 21:26:29,Gaumont EST,74,109
2026-01-10 21:26:29,Gaumont OUEST,5,250
2026-01-10 21:44:43,Antigone,128,239
2026-01-10 21:44:43,Comedie,240,664
2026-01-10 21:44:43,Corum,101,480
2026-01-10 21:44:43,Europa,438,591
2026-01-10 21:44:43,Foch,448,620
2026-01-10 21:44:43,Gambetta,105,452
2026-01-10 21:44:43,Gare,296,656
2026-01-10 21:44:43,Triangle,274,434
2026-01-10 21:44:43,Pitot,403,590
2026-01-10 21:44:43,Circe,959,1200
2026-01-10 21:44:43,Garcia Lorca,374,400
2026-01-10 21:44:43,Mosson,246,328
2026-01-10 21:44:43,Sabines,167,285
2026-01-10 21:44:43,Sablassou,346,379
2026-01-10 21:44:43,Saint Jean Le Sec,227,285
2026-01-10 21:44:43,Euromedecine,87,239
2026-01-10 21:44:43,Occitanie,470,615
2026-01-10 21:44:43,Vicarello,45,64
2026-01-10 21:44:43,Gaumont EST,74,109
2026-01-10 21:44:43,Gaumont OUEST,5,250
2026-01-10 21:57:00,Antigone,132,239
2026-01-10 21:57:00,Comedie,231,664
2026-01-10 21:57:00,Corum,101,480
2026-01-10 21:57:00,Europa,443,591
2026-01-10 21:57:00,Foch,441,620
2026-01-10 21:57:00,Gambetta,109,452
2026-01-10 21:57:00,Gare,296,656
2026-01-10 21:57:00,Triangle,274,434
2026-01-10 21:57:00,Pitot,403,590
2026-01-10 21:57:00,Circe,971,1200
2026-01-10 21:57:00,Garcia Lorca,376,400
2026-01-10 21:57:00,Mosson,250,328
2026-01-10 21:57:00,Sabines,174,285
2026-01-10 21:57:00,Sablassou,351,379
2026-01-10 21:57:00,Saint Jean Le Sec,227,285
2026-01-10 21:57:00,Euromedecine,86,239
2026-01-10 21:57:00,Occitanie,475,615
2026-01-10 21:57:00,Vicarello,45,64
2026-01-10 21:57:00,Gaumont EST,74,109
2026-01-10 21:57:00,Gaumont OUEST,5,250
2026-01-10 22:25:49,Antigone,139,239
2026-01-10 22:25:49,Comedie,235,664
2026-01-10 22:25:49,Corum,134,480
2026-01-10 22:25:49,Europa,448,591
2026-01-10 22:25:49,Foch,431,620
2026-01-10 22:25:49,Gambetta,116,452
2026-01-10 22:25:49,Gare,308,656
2026-01-10 22:25:49,Triangle,274,434
2026-01-10 22:25:49,Pitot,403,590
2026-01-10 22:25:49,Circe,1004,1200
2026-01-10 22:25:49,Garcia Lorca,376,400
2026-01-10 22:25:49,Mosson,253,328
2026-01-10 22:25:49,Sabines,178,285
2026-01-10 22:25:49,Sablassou,356,379
2026-01-10 22:25:49,Saint Jean Le Sec,231,285
2026-01-10 22:25:49,Euromedecine,88,239
2026-01-10 22:25:49,Occitanie,483,615
2026-01-10 22:25:49,Vicarello,46,64
2026-01-10 22:25:49,Gaumont EST,74,109
2026-01-10 22:25:49,Gaumont OUEST,5,250
2026-01-10 22:41:50,Antigone,143,239
2026-01-10 22:41:50,Comedie,254,664
2026-01-10 22:41:50,Corum,145,480
2026-01-10 22:41:50,Europa,453,591
2026-01-10 22:41:50,Foch,436,620
2026-01-10 22:41:50,Gambetta,123,452
2026-01-10 22:41:50,Gare,329,656
2026-01-10 22:41:50,Triangle,274,434
2026-01-10 22:41:50,Pitot,403,590
2026-01-10 22:41:50,Circe,1013,1200
2026-01-10 22:41:50,Garcia Lorca,377,400
2026-01-10 22:41:50,Mosson,257,328
2026-01-10 22:41:50,Sabines,182,285
2026-01-10 22:41:50,Sablassou,357,379
2026-01-10 22:41:50,Saint Jean Le Sec,234,285
2026-01-10 22:41:50,Euromedecine,89,239
2026-01-10 22:41:50,Occitanie,489,615
2026-01-10 22:41:50,Vicarello,47,64
2026-01-10 22:41:50,Gaumont EST,74,109
2026-01-10 22:41:50,Gaumont OUEST,5,250
2026-01-10 22:53:26,Antigone,143,239
2026-01-10 22:53:26,Comedie,260,664
2026-01-10 22:53:26,Corum,157,480
2026-01-10 22:53:26,Europa,461,591
2026-01-10 22:53:26,Foch,443,620
2026-01-10 22:53:26,Gambetta,130,452
2026-01-10 22:53:26,Gare,343,656
2026-01-10 22:53:26,Triangle,274,434
2026-01-10 22:53:26,Pitot,403,590
2026-01-10 22:53:26,Circe,1022,1200
2026-01-10 22:53:26,Garcia Lorca,377,400
2026-01-10 22:53:26,Mosson,257,328
2026-01-10 22:53:26,Sabines,184,285
2026-01-10 22:53:26,Sablassou,358,379
2026-01-10 22:53:26,Saint Jean Le Sec,234,285
2026-01-10 22:53:26,Euromedecine,89,239
2026-01-10 22:53:26,Occitanie,491,615
2026-01-10 22:53:26,Vicarello,47,64
2026-01-10 22:53:26,Gaumont EST,74,109
2026-01-10 22:53:26,Gaumont OUEST,5,250
2026-01-10 23:23:19,Antigone,146,239
2026-01-10 23:23:19,Comedie,271,664
2026-01-10 23:23:19,Corum,194,480
2026-01-10 23:23:19,Europa,468,591
2026-01-10 23:23:19,Foch,449,620
2026-01-10 23:23:19,Gambetta,150,452
2026-01-10 23:23:19,Gare,371,656
2026-01-10 23:23:19,Triangle,274,434
2026-01-10 23:23:19,Pitot,403,590
2026-01-10 23:23:19,Circe,1063,1200
2026-01-10 23:23:19,Garcia Lorca,378,400
2026-01-10 23:23:19,Mosson,260,328
2026-01-10 23:23:19,Sabines,184,285
2026-01-10 23:23:19,Sablassou,363,379
2026-01-10 23:23:19,Saint Jean Le Sec,237,285
2026-01-10 23:23:19,Euromedecine,91,239
2026-01-10 23:23:19,Occitanie,497,615
2026-01-10 23:23:19,Vicarello,48,64
2026-01-10 23:23:19,Gaumont EST,74,109
2026-01-10 23:23:19,Gaumont OUEST,5,250
2026-01-10 23:44:46,Antigone,150,239
2026-01-10 23:44:46,Comedie,293,664
2026-01-10 23:44:46,Corum,222,480
2026-01-10 23:44:46,Europa,469,591
2026-01-10 23:44:46,Foch,457,620
2026-01-10 23:44:46,Gambetta,160,452
2026-01-10 23:44:46,Gare,385,656
2026-01-10 23:44:46,Triangle,274,434
2026-01-10 23:44:46,Pitot,403,590
2026-01-10 23:44:46,Circe,1079,1200
2026-01-10 23:44:46,Garcia Lorca,384,400
2026-01-10 23:44:46,Mosson,261,328
2026-01-10 23:44:46,Sabines,189,285
2026-01-10 23:44:46,Sablassou,364,379
2026-01-10 23:44:46,Saint Jean Le Sec,237,285
2026-01-10 23:44:46,Euromedecine,92,239
2026-01-10 23:44:46,Occitanie,509,615
2026-01-10 23:44:46,Vicarello,48,64
2026-01-10 23:44:46,Gaumont EST,74,109
2026-01-10 23:44:46,Gaumont OUEST,5,250
2026-01-10 23:56:33,Antigone,151,239
2026-01-10 23:56:33,Comedie,305,664
2026-01-10 23:56:33,Corum,230,480
2026-01-10 23:56:33,Europa,473,591
2026-01-10 23:56:33,Foch,453,620
2026-01-10 23:56:33,Gambetta,167,452
2026-01-10 23:56:33,Gare,401,656
2026-01-10 23:56:33,Triangle,274,434
2026-01-10 23:56:33,Pitot,403,590
2026-01-10 23:56:33,Circe,1093,1200
2026-01-10 23:56:33,Garcia Lorca,385,400
2026-01-10 23:56:33,Mosson,263,328
2026-01-10 23:56:33,Sabines,190,285
2026-01-10 23:56:33,Sablassou,367,379
2026-01-10 23:56:33,Saint Jean Le Sec,237,285
2026-01-10 23:56:33,Euromedecine,93,239
2026-01-10 23:56:33,Occitanie,515,615
2026-01-10 23:56:33,Vicarello,48,64
2026-01-10 23:56:33,Gaumont EST,74,109
2026-01-10 23:56:33,Gaumont OUEST,5,250
2026-01-11 00:25:52,Antigone,155,239
2026-01-11 00:25:52,Comedie,344,664
2026-01-11 00:25:52,Corum,248,480
2026-01-11 00:25:52,Europa,478,591
2026-01-11 00:25:52,Foch,472,620
2026-01-11 00:25:52,Gambetta,177,452
2026-01-11 00:25:52,Gare,412,656
2026-01-11 00:25:52,Triangle,274,434
2026-01-11 00:25:52,Pitot,403,590
2026-01-11 00:25:52,Circe,1118,1200
2026-01-11 00:25:52,Garcia Lorca,388,400
2026-01-11 00:25:52,Mosson,265,328
2026-01-11 00:25:52,Sabines,193,285
2026-01-11 00:25:52,Sablassou,367,379
2026-01-11 00:25:52,Saint Jean Le Sec,237,285
2026-01-11 00:25:52,Euromedecine,94,239
2026-01-11 00:25:52,Occitanie,517,615
2026-01-11 00:25:52,Vicarello,48,64
2026-01-11 00:25:52,Gaumont EST,74,109
2026-01-11 00:25:52,Gaumont OUEST,5,250
2026-01-11 00:42:37,Antigone,155,239
2026-01-11 00:42:37,Comedie,352,664
2026-01-11 00:42:37,Corum,257,480
2026-01-11 00:42:37,Europa,481,591
2026-01-11 00:42:37,Foch,471,620
2026-01-11 00:42:37,Gambetta,180,452
2026-01-11 00:42:37,Gare,414,656
2026-01-11 00:42:37,Triangle,274,434
2026-01-11 00:42:37,Pitot,403,590
2026-01-11 00:42:37,Circe,1128,1200
2026-01-11 00:42:37,Garcia Lorca,388,400
2026-01-11 00:42:37,Mosson,265,328
2026-01-11 00:42:37,Sabines,192,285
2026-01-11 00:42:37,Sablassou,369,379
2026-01-11 00:42:37,Saint Jean Le Sec,237,285
2026-01-11 00:42:37,Euromedecine,94,239
2026-01-11 00:42:37,Occitanie,520,615
2026-01-11 00:42:37,Vicarello,48,64
2026-01-11 00:42:37,Gaumont EST,74,109
2026-01-11 00:42:37,Gaumont OUEST,5,250
2026-01-11 00:54:12,Antigone,156,239
2026-01-11 00:54:12,Comedie,354,664
2026-01-11 00:54:12,Corum,267,480
2026-01-11 00:54:12,Europa,481,591
2026-01-11 00:54:12,Foch,477,620
2026-01-11 00:54:12,Gambetta,182,452
2026-01-11 00:54:12,Gare,415,656
2026-01-11 00:54:12,Triangle,274,434
2026-01-11 00:54:12,Pitot,403,590
2026-01-11 00:54:12,Circe,1134,1200
2026-01-11 00:54:12,Garcia Lorca,388,400
2026-01-11 00:54:12,Mosson,265,328
2026-01-11 00:54:12,Sabines,192,285
2026-01-11 00:54:12,Sablassou,368,379
2026-01-11 00:54:12,Saint Jean Le Sec,237,285
2026-01-11 00:54:12,Euromedecine,94,239
2026-01-11 00:54:12,Occitanie,522,615
2026-01-11 00:54:12,Vicarello,48,64
2026-01-11 00:54:12,Gaumont EST,74,109
2026-01-11 00:54:12,Gaumont OUEST,5,250
2026-01-11 03:09:01,Antigone,154,239
2026-01-11 03:09:01,Comedie,405,664
2026-01-11 03:09:01,Corum,301,480
2026-01-11 03:09:01,Europa,487,591
2026-01-11 03:09:01,Foch,554,620
2026-01-11 03:09:01,Gambetta,201,452
2026-01-11 03:09:01,Gare,431,656
2026-01-11 03:09:01,Triangle,274,434
2026-01-11 03:09:01,Pitot,403,590
2026-01-11 03:09:01,Circe,1162,1200
2026-01-11 03:09:01,Garcia Lorca,388,400
2026-01-11 03:09:01,Mosson,266,328
2026-01-11 03:09:01,Sabines,195,285
2026-01-11 03:09:01,Sablassou,370,379
2026-01-11 03:09:01,Saint Jean Le Sec,238,285
2026-01-11 03:09:01,Euromedecine,95,239
2026-01-11 03:09:01,Occitanie,536,615
2026-01-11 03:09:01,Vicarello,47,64
2026-01-11 03:09:01,Gaumont EST,74,109
2026-01-11 03:09:01,Gaumont OUEST,5,250
